
-- SET FOREIGN_KEY_CHECKS = 0;
-- SET GROUP_CONCAT_MAX_LEN=32768;
-- SET @tables = NULL;
-- SELECT GROUP_CONCAT('`', table_name, '`') INTO @tables
--   FROM information_schema.tables
--   WHERE table_schema = (SELECT DATABASE());
-- SELECT IFNULL(@tables,'dummy') INTO @tables;
-- SET @tables = CONCAT('DROP TABLE IF EXISTS ', @tables);
-- PREPARE stmt FROM @tables;
-- EXECUTE stmt;
-- DEALLOCATE PREPARE stmt;
-- SET FOREIGN_KEY_CHECKS = 1;

DROP DATABASE IF EXISTS airbnb;
CREATE DATABASE airbnb
  CHARACTER SET = utf8mb4
  COLLATE = utf8mb4_0900_ai_ci;
USE airbnb;

-- SET FOREIGN_KEY_CHECKS = 0;
-- DROP TABLE IF EXISTS `listing`;
-- DROP TABLE IF EXISTS `user`;
-- DROP TABLE IF EXISTS `amenities`;
-- DROP TABLE IF EXISTS `bookedBy`;
-- DROP TABLE IF EXISTS `availability`;
-- DROP TABLE IF EXISTS `userCreatesListing`;
-- DROP TABLE IF EXISTS `listingToAmenities`;
-- DROP TABLE IF EXISTS `userReviews`;
-- DROP TABLE IF EXISTS `listingReviewAndComments`;
-- SET FOREIGN_KEY_CHECKS = 1;




CREATE TABLE `Listing` (
  `listingId` int NOT NULL AUTO_INCREMENT,
  `city` varchar(45) NOT NULL,
  `latitude` decimal(8,6) NOT NULL,
  `longitude` decimal(9,6) NOT NULL,
  `postalCode` varchar(45) NOT NULL,
  `country` varchar(45) NOT NULL,
  `type` varchar(45) NOT NULL,
  `address` varchar(45) NOT NULL,
  `bedrooms` int NOT NULL,
  `bathrooms` int NOT NULL,  
  PRIMARY KEY (`listingId`)
);



CREATE TABLE `User` (
  `SIN` int NOT NULL,
  `address` varchar(45) NOT NULL,
  `occupation` varchar(45) NOT NULL,
  `dob` date NOT NULL,
  `firstName` varchar(45) NOT NULL,
  `lastName` varchar(45) NOT NULL,
  `username` varchar(45) NOT NULL,
  `password` varchar(45) NOT NULL,
  `creditCardNO` varchar(45) NOT NULL,
  PRIMARY KEY (`SIN`)
)  ;


CREATE TABLE `Amenities` (
  `name` varchar(75) NOT NULL,
  `price` decimal(20,2) NOT NULL ,
  PRIMARY KEY (`name`)
) ;

CREATE TABLE `Availability` (
  `dateAvailable` date NOT NULL,
  `price` decimal(20,2) NOT NULL,
  `listingId` int NOT NULL,
  `isAvailable` BOOLEAN NOT NULL DEFAULT TRUE,
  PRIMARY KEY (`dateAvailable`,`listingId`),
  KEY `ListingFK_idx` (`listingId`),
  CONSTRAINT `ListingIdFK` FOREIGN KEY (`listingId`) REFERENCES `Listing` (`listingId`) ON DELETE CASCADE
);

CREATE TABLE `BookedBy` (
  `bookingId` int NOT NULL AUTO_INCREMENT,
  `listingId` int NOT NULL,
  `renterSIN` int NOT NULL,
  `startDate` date DEFAULT NULL,
  `endDate` date DEFAULT NULL,
  `isCancelled` tinyint NOT NULL DEFAULT '0',
  `cancelledBy` int DEFAULT NULL,
  PRIMARY KEY (`BookingId`),
  KEY `FKlistingID_idx` (`ListingId`),
  KEY `RenterFK_idx` (`RenterSIN`),
  KEY `cancelledByFK_idx` (`cancelledBy`),
  CONSTRAINT `cancelledByFK` FOREIGN KEY (`cancelledBy`) REFERENCES `User` (`SIN`) ON DELETE CASCADE,
  CONSTRAINT `FKlistingID` FOREIGN KEY (`ListingId`) REFERENCES `Listing` (`listingId`) ON DELETE CASCADE,
  CONSTRAINT `RenterFK` FOREIGN KEY (`RenterSIN`) REFERENCES `User` (`SIN`)
)  ;


CREATE TABLE `UserCreatesListing` (
  `hostSIN` int NOT NULL,
  `listingId` int NOT NULL,
  KEY `hostFK_idx` (`hostSIN`),
  KEY `listingFK_idx` (`listingId`),
  PRIMARY KEY (`listingId`),
  CONSTRAINT `FKtoListing` FOREIGN KEY (`listingId`) REFERENCES `Listing` (`listingId`) ON DELETE CASCADE,
  CONSTRAINT `hostFK` FOREIGN KEY (`hostSIN`) REFERENCES `User` (`SIN`) ON DELETE CASCADE
)  ;

CREATE TABLE `ListingReviewAndComments` (
  `listingId` int NOT NULL,
  `renterSIN` int NOT NULL,
  `comment` longtext,
  `rating` int DEFAULT NULL,
  PRIMARY KEY (`listingId`,`renterSIN`),
  KEY `Renter_idx` (`renterSIN`),
  CONSTRAINT `Listing` FOREIGN KEY (`listingId`) REFERENCES `Listing` (`listingId`) ON DELETE CASCADE,
  CONSTRAINT `Renter` FOREIGN KEY (`renterSIN`) REFERENCES `User` (`SIN`) ON DELETE CASCADE
)  ;

CREATE TABLE `ListingToAmenities` (
  `listingId` int NOT NULL,
  `amenity` varchar(75) NOT NULL,
  KEY `ListingFK_idx` (`ListingId`),
  KEY `AmenitiesFK` (`Amenity`),
  PRIMARY KEY (`listingId`, `amenity`),
  CONSTRAINT `AmenitiesFK` FOREIGN KEY (`Amenity`) REFERENCES `Amenities` (`name`) ON DELETE CASCADE,
  CONSTRAINT `ListingFK` FOREIGN KEY (`ListingId`) REFERENCES `Listing` (`listingId`) ON DELETE CASCADE
)  ;


CREATE TABLE `UserReviews` (
  `commentedOn` int NOT NULL,
  `commentedBy` int DEFAULT NULL,
  `comment` longtext,
  `rating` int DEFAULT NULL,
  PRIMARY KEY (`commentedOn`),
  KEY `CommentedBy_idx` (`commentedBy`),
  CONSTRAINT `CommentedBy` FOREIGN KEY (`commentedBy`) REFERENCES `User` (`SIN`) ON DELETE CASCADE,
  CONSTRAINT `CommentedOn` FOREIGN KEY (`commentedOn`) REFERENCES `User` (`SIN`) 
)  ;

INSERT INTO `user` VALUES (111111222,'567 Elm St','Teacher','1987-03-25','Shantal','Smith','shantal.smith','teacher456','9999000011112222'),(111113333,'789 Connaught Place','Teacher','1987-03-25','Sarah','Smith','sarah.smith','teacher456','9999000011112222'),(123456789,'789 Pine St','Student','2000-05-10','Jessica','Brown','jessica.brown','password123','1111222233334444'),(242355436,'123 Main St','Engineer','1990-01-15','John','Doe','john.doe','password123','1234567890123456'),(254345255,'789 Oak St','Accountant','1988-07-10','Michael','Johnson','michael.johnson','pass123','5678901234567890'),(254534643,'456 Elm St','Teacher','1995-03-20','Jane','Smith','jane.smith','mypassword','9876543210987654'),(346346343,'555 Walnut St','Artist','1991-12-08','Sophia','Lee','sophia.lee','1234567890','4567890123456789'),(346568346,'444 Birch St','Architect','1998-06-18','James','Miller','james.miller','testpw','7654321098765432'),(346646464,'222 Maple St','Lawyer','1992-09-05','William','Brown','william.brown','securepw','8765432109876543'),(444555666,'234 Maple St','Doctor','1980-11-02','Alphonso','Miller','david.miller','doctor789','3333444455556666'),(445566777,'234 MG Road','Doctor','1980-11-02','David','Miller','david.miller','doctor789','3333444455556666'),(563533452,'666 Cedar St','Chef','1989-02-28','Daniel','Wilson','daniel.wilson','pass1234','9876543210987654'),(646456643,'101 Pine St','Doctor','1985-11-25','Sydney','Williams','emily.williams','qwerty','2345678901234567'),(745632564,'678 Link Road','Artist','1999-07-12','Emily','Armstrong','emily.williams','artist123','7777888899990000'),(768574346,'333 Cedar St','Writer','1982-04-30','Olivia','Jones','olivia.jones','password321','3456789012345678'),(777888999,'678 Cedar St','Artist','1999-07-12','Emily','Williams','emily.williams','artist123','7777888899990000'),(875446664,'777 Oak St','Entrepreneur','1997-10-12','Isabella','Anderson','isabella.anderson','mypassword123','3456789012345678'),(987652211,'456 Rajpur Road','Engineer','1993-09-15','Silva','Johnson','matthew.johnson','engineer123','5555666677778888'),(987654321,'456 Oak St','Engineer','1993-09-15','Matthew','Johnson','matthew.johnson','engineer123','5555666677778888'),(998854321,'123 Kamla Nagar','Student','2000-05-10','Valerie','Brown','jessica.brown','password123','1111222233334444');

-- Insert statements for User table

-- Insert statements for Listing table
INSERT INTO `listing` VALUES (1,'New York',40.712800,-74.006000,'10001','USA','Apartment','123 Main St, Apt 1',2,1),(2,'Los Angeles',34.052200,-118.243700,'90001','USA','House','456 Elm St',3,2),(3,'Chicago',41.878100,-87.629800,'60601','USA','Apartment','789 Oak St, Apt 5',1,1),(4,'San Francisco',37.774900,-122.419400,'94101','USA','House','101 Pine St',4,3),(5,'Miami',25.761700,-80.191800,'33101','USA','Room','222 Maple St, Room 3',1,1),(6,'Leduc',45.000000,32.000000,'T0C0V0','Canada','house','121 Sparrow Street',3,3),(7,'Richmond Hill',43.888746,-79.440739,'L4C3E1','Canada','house','10711 Yonge St',2,2),(8,'Victoria',48.421853,-123.365938,'V8W2B4','Canada','room','767 Douglas St',1,1),(9,'Chicago',41.882400,-87.642600,'606611','USA','house','567 W Madison St',4,3),(10,'Gatineau',45.485700,-75.624800,'J8R2K3','Canada','house','6785 Chemin de la Rivière',6,4),(11,'Toronto',43.677900,-79.290200,'M4E2T7','Canada','apartment','567 Maple Avenue,201',2,1),(12,'Toronto',43.651000,-79.384300,'M5H2M9','Canada','house','123 Queen Street West',4,3),(13,'Toronto',43.651700,-79.380300,'M5H2Y3','Canada','room','456 Bay Street',1,1),(14,'Toronto',43.668200,-79.396700,'M5S1T8','Canada','house','222 Bloor Street West',4,3),(15,'Victoria',48.425200,-123.366700,'V8W1M2','Canada','room','567 Johnson Street',1,1),(16,'Calgary',51.037400,-114.071300,'T2T0C2','Canada','apartment','1234 17th Avenue SW,332',3,2);



INSERT INTO `usercreateslisting` VALUES (111111222,14),(111111222,15),(111111222,16),(242355436,1),(242355436,10),(242355436,11),(254345255,3),(254345255,12),(254345255,13),(254534643,2),(346646464,5),(563533452,6),(563533452,7),(563533452,8),(563533452,9),(646456643,4);



INSERT INTO `availability` VALUES ('2023-04-03',58.00,7,1),('2023-04-04',58.00,7,1),('2023-04-05',58.00,7,1),('2023-04-06',58.00,7,1),('2023-04-07',58.00,7,1),('2023-04-08',58.00,7,1),('2023-04-09',58.00,7,1),('2023-04-10',58.00,7,1),('2023-04-11',58.00,7,1),('2023-04-11',99.00,16,1),('2023-04-12',58.00,7,1),('2023-04-12',99.00,16,1),('2023-04-13',58.00,7,1),('2023-04-13',99.00,16,1),('2023-04-14',58.00,7,1),('2023-04-14',99.00,16,1),('2023-04-15',58.00,7,1),('2023-04-15',99.00,16,1),('2023-04-16',58.00,7,1),('2023-04-16',99.00,16,1),('2023-04-17',58.00,7,1),('2023-04-17',99.00,16,1),('2023-04-18',58.00,7,1),('2023-04-18',99.00,16,1),('2023-04-19',58.00,7,1),('2023-04-19',99.00,16,1),('2023-04-20',58.00,7,1),('2023-04-20',164.00,14,1),('2023-04-20',99.00,16,1),('2023-04-21',58.00,7,1),('2023-04-21',164.00,14,1),('2023-04-21',99.00,16,1),('2023-04-22',58.00,7,1),('2023-04-22',164.00,14,1),('2023-04-22',99.00,16,1),('2023-04-23',58.00,7,0),('2023-04-23',164.00,14,1),('2023-04-23',99.00,16,1),('2023-04-24',58.00,7,0),('2023-04-24',164.00,14,1),('2023-04-24',99.00,16,1),('2023-04-25',58.00,7,0),('2023-04-25',164.00,14,1),('2023-04-25',99.00,16,1),('2023-04-26',58.00,7,0),('2023-04-26',164.00,14,1),('2023-04-26',99.00,16,1),('2023-04-27',58.00,7,0),('2023-04-27',164.00,14,1),('2023-04-27',99.00,16,1),('2023-04-28',58.00,7,0),('2023-04-28',164.00,14,1),('2023-04-28',99.00,16,1),('2023-04-29',58.00,7,1),('2023-04-29',164.00,14,1),('2023-04-29',99.00,16,1),('2023-04-30',58.00,7,1),('2023-04-30',164.00,14,1),('2023-04-30',99.00,16,1),('2023-05-01',58.00,7,0),('2023-05-01',164.00,14,1),('2023-05-01',45.00,15,1),('2023-05-01',99.00,16,1),('2023-05-02',58.00,7,0),('2023-05-02',164.00,14,1),('2023-05-02',45.00,15,1),('2023-05-02',99.00,16,1),('2023-05-03',58.00,7,0),('2023-05-03',164.00,14,1),('2023-05-03',45.00,15,1),('2023-05-03',99.00,16,1),('2023-05-04',58.00,7,0),('2023-05-04',164.00,14,1),('2023-05-04',45.00,15,1),('2023-05-04',99.00,16,1),('2023-05-05',58.00,7,0),('2023-05-05',142.00,12,1),('2023-05-05',164.00,14,1),('2023-05-05',45.00,15,1),('2023-05-05',99.00,16,1),('2023-05-06',58.00,7,1),('2023-05-06',142.00,12,1),('2023-05-06',164.00,14,1),('2023-05-06',45.00,15,1),('2023-05-06',99.00,16,1),('2023-05-07',58.00,7,1),('2023-05-07',142.00,12,1),('2023-05-07',164.00,14,1),('2023-05-07',45.00,15,1),('2023-05-07',99.00,16,1),('2023-05-08',58.00,7,1),('2023-05-08',142.00,12,1),('2023-05-08',164.00,14,1),('2023-05-08',45.00,15,1),('2023-05-08',99.00,16,1),('2023-05-09',58.00,7,1),('2023-05-09',142.00,12,1),('2023-05-09',164.00,14,1),('2023-05-09',45.00,15,1),('2023-05-09',99.00,16,1),('2023-05-10',58.00,7,1),('2023-05-10',142.00,12,1),('2023-05-10',164.00,14,1),('2023-05-10',45.00,15,1),('2023-05-10',99.00,16,1),('2023-05-11',142.00,12,1),('2023-05-11',164.00,14,1),('2023-05-11',45.00,15,1),('2023-05-11',99.00,16,1),('2023-05-12',142.00,12,1),('2023-05-12',164.00,14,1),('2023-05-12',45.00,15,1),('2023-05-12',99.00,16,1),('2023-05-13',142.00,12,1),('2023-05-13',164.00,14,1),('2023-05-13',45.00,15,1),('2023-05-13',99.00,16,1),('2023-05-14',142.00,12,1),('2023-05-14',164.00,14,1),('2023-05-14',45.00,15,1),('2023-05-14',99.00,16,1),('2023-05-15',142.00,12,1),('2023-05-15',164.00,14,1),('2023-05-15',45.00,15,1),('2023-05-15',99.00,16,1),('2023-05-16',142.00,12,1),('2023-05-16',164.00,14,1),('2023-05-16',45.00,15,1),('2023-05-16',99.00,16,1),('2023-05-17',142.00,12,1),('2023-05-17',164.00,14,1),('2023-05-17',45.00,15,1),('2023-05-17',99.00,16,1),('2023-05-18',142.00,12,1),('2023-05-18',164.00,14,1),('2023-05-18',45.00,15,1),('2023-05-18',99.00,16,1),('2023-05-19',142.00,12,1),('2023-05-19',164.00,14,1),('2023-05-19',45.00,15,1),('2023-05-19',99.00,16,1),('2023-05-20',142.00,12,1),('2023-05-20',164.00,14,1),('2023-05-20',45.00,15,1),('2023-05-20',99.00,16,1),('2023-05-21',142.00,12,1),('2023-05-21',164.00,14,1),('2023-05-21',45.00,15,1),('2023-05-21',99.00,16,1),('2023-05-22',142.00,12,1),('2023-05-22',164.00,14,1),('2023-05-22',45.00,15,1),('2023-05-22',99.00,16,1),('2023-05-23',142.00,12,1),('2023-05-23',164.00,14,1),('2023-05-23',45.00,15,1),('2023-05-23',99.00,16,1),('2023-05-24',142.00,12,1),('2023-05-24',164.00,14,1),('2023-05-24',45.00,15,1),('2023-05-24',99.00,16,1),('2023-05-25',142.00,12,1),('2023-05-25',164.00,14,1),('2023-05-25',45.00,15,1),('2023-05-25',99.00,16,1),('2023-05-26',142.00,12,1),('2023-05-26',164.00,14,1),('2023-05-26',45.00,15,1),('2023-05-26',99.00,16,1),('2023-05-27',142.00,12,1),('2023-05-27',164.00,14,1),('2023-05-27',45.00,15,1),('2023-05-27',99.00,16,1),('2023-05-28',142.00,12,1),('2023-05-28',164.00,14,1),('2023-05-28',45.00,15,1),('2023-05-28',99.00,16,1),('2023-05-29',142.00,12,1),('2023-05-29',164.00,14,1),('2023-05-29',45.00,15,1),('2023-05-29',99.00,16,1),('2023-05-30',142.00,12,1),('2023-05-30',164.00,14,1),('2023-05-30',45.00,15,1),('2023-05-30',99.00,16,1),('2023-05-31',142.00,12,1),('2023-05-31',164.00,14,1),('2023-05-31',45.00,15,1),('2023-05-31',99.00,16,1),('2023-06-01',142.00,12,1),('2023-06-01',164.00,14,1),('2023-06-01',45.00,15,1),('2023-06-01',99.00,16,1),('2023-06-02',142.00,12,1),('2023-06-02',164.00,14,1),('2023-06-02',45.00,15,1),('2023-06-02',99.00,16,1),('2023-06-03',142.00,12,0),('2023-06-03',164.00,14,1),('2023-06-03',45.00,15,1),('2023-06-03',99.00,16,1),('2023-06-04',142.00,12,0),('2023-06-04',164.00,14,1),('2023-06-04',45.00,15,1),('2023-06-04',99.00,16,1),('2023-06-05',142.00,12,0),('2023-06-05',164.00,14,1),('2023-06-05',45.00,15,1),('2023-06-05',99.00,16,1),('2023-06-06',142.00,12,0),('2023-06-06',164.00,14,1),('2023-06-06',45.00,15,1),('2023-06-06',99.00,16,1),('2023-06-07',142.00,12,1),('2023-06-07',164.00,14,1),('2023-06-07',45.00,15,1),('2023-06-07',99.00,16,1),('2023-06-08',142.00,12,1),('2023-06-08',164.00,14,1),('2023-06-08',45.00,15,1),('2023-06-08',99.00,16,1),('2023-06-09',142.00,12,1),('2023-06-09',164.00,14,1),('2023-06-09',45.00,15,1),('2023-06-09',99.00,16,1),('2023-06-10',142.00,12,1),('2023-06-10',164.00,14,1),('2023-06-10',45.00,15,1),('2023-06-10',99.00,16,1),('2023-06-11',142.00,12,1),('2023-06-11',164.00,14,1),('2023-06-11',45.00,15,1),('2023-06-11',99.00,16,1),('2023-06-12',142.00,12,1),('2023-06-12',164.00,14,1),('2023-06-12',45.00,15,1),('2023-06-12',99.00,16,1),('2023-06-13',142.00,12,1),('2023-06-13',164.00,14,1),('2023-06-13',45.00,15,1),('2023-06-13',99.00,16,1),('2023-06-14',142.00,12,1),('2023-06-14',164.00,14,1),('2023-06-14',45.00,15,1),('2023-06-14',99.00,16,1),('2023-06-15',142.00,12,1),('2023-06-15',164.00,14,1),('2023-06-15',45.00,15,1),('2023-06-15',99.00,16,1),('2023-06-16',142.00,12,1),('2023-06-16',164.00,14,1),('2023-06-16',45.00,15,1),('2023-06-16',99.00,16,1),('2023-06-17',142.00,12,1),('2023-06-17',164.00,14,1),('2023-06-17',45.00,15,1),('2023-06-17',99.00,16,1),('2023-06-18',142.00,12,1),('2023-06-18',164.00,14,1),('2023-06-18',45.00,15,1),('2023-06-18',99.00,16,1),('2023-06-19',142.00,12,1),('2023-06-19',164.00,14,1),('2023-06-19',45.00,15,1),('2023-06-19',99.00,16,1),('2023-06-20',142.00,12,1),('2023-06-20',164.00,14,1),('2023-06-20',45.00,15,1),('2023-06-20',99.00,16,1),('2023-06-21',142.00,12,1),('2023-06-21',164.00,14,1),('2023-06-21',45.00,15,1),('2023-06-21',99.00,16,1),('2023-06-22',142.00,12,0),('2023-06-22',164.00,14,1),('2023-06-22',45.00,15,1),('2023-06-22',99.00,16,1),('2023-06-23',142.00,12,0),('2023-06-23',164.00,14,1),('2023-06-23',45.00,15,1),('2023-06-23',99.00,16,1),('2023-06-24',142.00,12,0),('2023-06-24',164.00,14,1),('2023-06-24',45.00,15,1),('2023-06-24',99.00,16,1),('2023-06-25',142.00,12,0),('2023-06-25',164.00,14,1),('2023-06-25',45.00,15,1),('2023-06-25',99.00,16,1),('2023-06-26',142.00,12,1),('2023-06-26',164.00,14,1),('2023-06-26',45.00,15,1),('2023-06-26',99.00,16,1),('2023-06-27',142.00,12,1),('2023-06-27',164.00,14,1),('2023-06-27',45.00,15,1),('2023-06-27',99.00,16,1),('2023-06-28',142.00,12,1),('2023-06-28',164.00,14,1),('2023-06-28',45.00,15,1),('2023-06-28',99.00,16,1),('2023-06-29',142.00,12,1),('2023-06-29',164.00,14,1),('2023-06-29',45.00,15,1),('2023-06-29',99.00,16,1),('2023-06-30',142.00,12,1),('2023-06-30',164.00,14,1),('2023-06-30',45.00,15,1),('2023-06-30',99.00,16,1),('2023-07-01',142.00,12,1),('2023-07-01',43.00,13,1),('2023-07-01',164.00,14,1),('2023-07-01',45.00,15,1),('2023-07-01',99.00,16,1),('2023-07-02',142.00,12,1),('2023-07-02',43.00,13,1),('2023-07-02',164.00,14,1),('2023-07-02',45.00,15,1),('2023-07-02',99.00,16,1),('2023-07-03',142.00,12,1),('2023-07-03',43.00,13,1),('2023-07-03',164.00,14,1),('2023-07-03',45.00,15,1),('2023-07-03',99.00,16,1),('2023-07-04',142.00,12,1),('2023-07-04',43.00,13,1),('2023-07-04',164.00,14,1),('2023-07-04',45.00,15,1),('2023-07-04',99.00,16,1),('2023-07-05',142.00,12,1),('2023-07-05',43.00,13,1),('2023-07-05',164.00,14,1),('2023-07-05',45.00,15,1),('2023-07-05',99.00,16,1),('2023-07-06',142.00,12,1),('2023-07-06',43.00,13,1),('2023-07-06',164.00,14,1),('2023-07-06',45.00,15,1),('2023-07-06',99.00,16,1),('2023-07-07',142.00,12,1),('2023-07-07',43.00,13,1),('2023-07-07',164.00,14,1),('2023-07-07',45.00,15,1),('2023-07-07',99.00,16,1),('2023-07-08',142.00,12,1),('2023-07-08',43.00,13,1),('2023-07-08',164.00,14,1),('2023-07-08',45.00,15,1),('2023-07-08',99.00,16,1),('2023-07-09',142.00,12,1),('2023-07-09',43.00,13,1),('2023-07-09',164.00,14,1),('2023-07-09',45.00,15,1),('2023-07-09',99.00,16,1),('2023-07-10',142.00,12,1),('2023-07-10',43.00,13,1),('2023-07-10',164.00,14,1),('2023-07-10',45.00,15,1),('2023-07-10',99.00,16,1),('2023-07-11',142.00,12,1),('2023-07-11',43.00,13,1),('2023-07-11',164.00,14,1),('2023-07-11',45.00,15,1),('2023-07-11',99.00,16,1),('2023-07-12',142.00,12,1),('2023-07-12',43.00,13,1),('2023-07-12',164.00,14,1),('2023-07-12',45.00,15,1),('2023-07-12',99.00,16,1),('2023-07-13',142.00,12,1),('2023-07-13',43.00,13,1),('2023-07-13',164.00,14,1),('2023-07-13',45.00,15,1),('2023-07-13',99.00,16,1),('2023-07-14',43.00,13,1),('2023-07-14',164.00,14,1),('2023-07-14',45.00,15,1),('2023-07-14',99.00,16,1),('2023-07-15',43.00,13,1),('2023-07-15',164.00,14,1),('2023-07-15',45.00,15,1),('2023-07-15',99.00,16,1),('2023-07-16',43.00,13,1),('2023-07-16',164.00,14,1),('2023-07-16',45.00,15,1),('2023-07-16',99.00,16,1),('2023-07-17',43.00,13,1),('2023-07-17',164.00,14,1),('2023-07-17',45.00,15,1),('2023-07-17',99.00,16,1),('2023-07-18',43.00,13,1),('2023-07-18',164.00,14,1),('2023-07-18',45.00,15,1),('2023-07-18',99.00,16,1),('2023-07-19',43.00,13,1),('2023-07-19',164.00,14,1),('2023-07-19',45.00,15,1),('2023-07-19',99.00,16,1),('2023-07-20',123.00,9,1),('2023-07-20',43.00,13,1),('2023-07-20',164.00,14,1),('2023-07-20',45.00,15,1),('2023-07-20',99.00,16,1),('2023-07-21',123.00,9,1),('2023-07-21',43.00,13,1),('2023-07-21',164.00,14,1),('2023-07-21',45.00,15,1),('2023-07-21',99.00,16,1),('2023-07-22',123.00,9,1),('2023-07-22',43.00,13,1),('2023-07-22',164.00,14,1),('2023-07-22',45.00,15,1),('2023-07-22',99.00,16,1),('2023-07-23',123.00,9,1),('2023-07-23',43.00,13,1),('2023-07-23',164.00,14,1),('2023-07-23',45.00,15,1),('2023-07-23',99.00,16,1),('2023-07-24',123.00,9,1),('2023-07-24',43.00,13,1),('2023-07-24',164.00,14,1),('2023-07-24',45.00,15,1),('2023-07-24',99.00,16,1),('2023-07-25',123.00,9,1),('2023-07-25',121.00,11,1),('2023-07-25',43.00,13,1),('2023-07-25',164.00,14,1),('2023-07-25',45.00,15,1),('2023-07-25',99.00,16,1),('2023-07-26',123.00,9,1),('2023-07-26',121.00,11,1),('2023-07-26',43.00,13,1),('2023-07-26',164.00,14,1),('2023-07-26',45.00,15,1),('2023-07-26',99.00,16,1),('2023-07-27',123.00,9,1),('2023-07-27',121.00,11,1),('2023-07-27',43.00,13,1),('2023-07-27',164.00,14,1),('2023-07-27',45.00,15,1),('2023-07-27',99.00,16,1),('2023-07-28',123.00,9,1),('2023-07-28',121.00,11,1),('2023-07-28',43.00,13,1),('2023-07-28',164.00,14,1),('2023-07-28',45.00,15,1),('2023-07-28',99.00,16,1),('2023-07-29',123.00,9,1),('2023-07-29',121.00,11,1),('2023-07-29',43.00,13,1),('2023-07-29',164.00,14,1),('2023-07-29',45.00,15,1),('2023-07-29',99.00,16,1),('2023-07-30',123.00,9,1),('2023-07-30',121.00,11,1),('2023-07-30',43.00,13,1),('2023-07-30',164.00,14,1),('2023-07-30',45.00,15,1),('2023-07-30',99.00,16,1),('2023-07-31',123.00,9,1),('2023-07-31',121.00,11,1),('2023-07-31',43.00,13,1),('2023-07-31',164.00,14,1),('2023-07-31',45.00,15,1),('2023-07-31',99.00,16,1),('2023-08-01',100.00,1,0),('2023-08-01',123.00,9,1),('2023-08-01',121.00,11,1),('2023-08-01',43.00,13,1),('2023-08-01',164.00,14,1),('2023-08-01',45.00,15,1),('2023-08-01',99.00,16,1),('2023-08-02',100.00,1,0),('2023-08-02',123.00,9,1),('2023-08-02',121.00,11,1),('2023-08-02',43.00,13,1),('2023-08-02',164.00,14,1),('2023-08-02',45.00,15,1),('2023-08-02',99.00,16,1),('2023-08-03',100.00,1,0),('2023-08-03',123.00,9,1),('2023-08-03',121.00,11,1),('2023-08-03',43.00,13,1),('2023-08-03',164.00,14,1),('2023-08-03',45.00,15,1),('2023-08-03',99.00,16,1),('2023-08-04',100.00,1,0),('2023-08-04',123.00,9,1),('2023-08-04',121.00,11,1),('2023-08-04',43.00,13,1),('2023-08-04',164.00,14,1),('2023-08-04',45.00,15,1),('2023-08-04',99.00,16,1),('2023-08-05',100.00,1,0),('2023-08-05',123.00,9,1),('2023-08-05',121.00,11,1),('2023-08-05',43.00,13,1),('2023-08-05',164.00,14,1),('2023-08-05',45.00,15,1),('2023-08-05',99.00,16,1),('2023-08-06',100.00,1,1),('2023-08-06',123.00,9,1),('2023-08-06',121.00,11,1),('2023-08-06',43.00,13,1),('2023-08-06',164.00,14,1),('2023-08-06',45.00,15,1),('2023-08-06',99.00,16,1),('2023-08-07',100.00,1,1),('2023-08-07',123.00,9,1),('2023-08-07',121.00,11,1),('2023-08-07',43.00,13,1),('2023-08-07',164.00,14,1),('2023-08-07',45.00,15,1),('2023-08-07',99.00,16,1),('2023-08-08',100.00,1,1),('2023-08-08',123.00,9,1),('2023-08-08',121.00,11,1),('2023-08-08',43.00,13,1),('2023-08-08',164.00,14,1),('2023-08-08',45.00,15,1),('2023-08-08',99.00,16,1),('2023-08-09',100.00,1,1),('2023-08-09',123.00,9,1),('2023-08-09',121.00,11,1),('2023-08-09',43.00,13,1),('2023-08-09',164.00,14,1),('2023-08-09',45.00,15,1),('2023-08-09',99.00,16,1),('2023-08-10',100.00,1,1),('2023-08-10',123.00,9,1),('2023-08-10',121.00,11,1),('2023-08-10',43.00,13,1),('2023-08-10',164.00,14,1),('2023-08-10',45.00,15,1),('2023-08-10',99.00,16,1),('2023-08-11',123.00,9,1),('2023-08-11',121.00,11,1),('2023-08-11',43.00,13,1),('2023-08-11',164.00,14,1),('2023-08-11',45.00,15,1),('2023-08-11',99.00,16,1),('2023-08-12',123.00,9,1),('2023-08-12',121.00,11,1),('2023-08-12',43.00,13,1),('2023-08-12',164.00,14,1),('2023-08-12',45.00,15,1),('2023-08-12',99.00,16,1),('2023-08-13',123.00,9,1),('2023-08-13',121.00,11,1),('2023-08-13',43.00,13,1),('2023-08-13',164.00,14,1),('2023-08-13',45.00,15,1),('2023-08-13',99.00,16,1),('2023-08-14',123.00,9,1),('2023-08-14',121.00,11,1),('2023-08-14',43.00,13,1),('2023-08-14',164.00,14,1),('2023-08-14',45.00,15,1),('2023-08-14',99.00,16,1),('2023-08-15',123.00,9,1),('2023-08-15',121.00,11,1),('2023-08-15',43.00,13,1),('2023-08-15',164.00,14,1),('2023-08-15',45.00,15,1),('2023-08-15',99.00,16,1),('2023-08-16',123.00,9,1),('2023-08-16',121.00,11,1),('2023-08-16',43.00,13,1),('2023-08-16',164.00,14,1),('2023-08-16',45.00,15,1),('2023-08-16',99.00,16,1),('2023-08-17',123.00,9,1),('2023-08-17',121.00,11,1),('2023-08-17',43.00,13,1),('2023-08-17',164.00,14,1),('2023-08-17',45.00,15,1),('2023-08-17',99.00,16,1),('2023-08-18',123.00,9,1),('2023-08-18',121.00,11,1),('2023-08-18',43.00,13,1),('2023-08-18',164.00,14,1),('2023-08-18',45.00,15,1),('2023-08-18',99.00,16,1),('2023-08-19',123.00,9,1),('2023-08-19',121.00,11,1),('2023-08-19',43.00,13,1),('2023-08-19',164.00,14,1),('2023-08-19',45.00,15,1),('2023-08-19',99.00,16,1),('2023-08-20',123.00,9,1),('2023-08-20',121.00,11,1),('2023-08-20',43.00,13,1),('2023-08-20',164.00,14,1),('2023-08-20',45.00,15,1),('2023-08-20',99.00,16,1),('2023-08-21',123.00,9,1),('2023-08-21',121.00,11,1),('2023-08-21',43.00,13,1),('2023-08-21',164.00,14,1),('2023-08-21',45.00,15,1),('2023-08-21',99.00,16,1),('2023-08-22',123.00,9,1),('2023-08-22',121.00,11,1),('2023-08-22',43.00,13,1),('2023-08-22',164.00,14,1),('2023-08-22',45.00,15,1),('2023-08-22',99.00,16,1),('2023-08-23',123.00,9,1),('2023-08-23',121.00,11,1),('2023-08-23',43.00,13,1),('2023-08-23',164.00,14,1),('2023-08-23',45.00,15,1),('2023-08-23',99.00,16,1),('2023-08-24',123.00,9,1),('2023-08-24',121.00,11,1),('2023-08-24',43.00,13,1),('2023-08-24',164.00,14,1),('2023-08-24',45.00,15,1),('2023-08-24',99.00,16,1),('2023-08-25',123.00,9,1),('2023-08-25',121.00,11,1),('2023-08-25',43.00,13,1),('2023-08-25',164.00,14,1),('2023-08-25',45.00,15,1),('2023-08-25',99.00,16,1),('2023-08-26',123.00,9,1),('2023-08-26',121.00,11,1),('2023-08-26',43.00,13,1),('2023-08-26',164.00,14,1),('2023-08-26',45.00,15,1),('2023-08-26',99.00,16,1),('2023-08-27',123.00,9,1),('2023-08-27',121.00,11,1),('2023-08-27',43.00,13,1),('2023-08-27',164.00,14,1),('2023-08-27',45.00,15,1),('2023-08-27',99.00,16,1),('2023-08-28',123.00,9,1),('2023-08-28',121.00,11,1),('2023-08-28',43.00,13,1),('2023-08-28',164.00,14,1),('2023-08-28',45.00,15,1),('2023-08-28',99.00,16,1),('2023-08-29',123.00,9,1),('2023-08-29',121.00,11,0),('2023-08-29',43.00,13,1),('2023-08-29',164.00,14,1),('2023-08-29',45.00,15,1),('2023-08-29',99.00,16,1),('2023-08-30',123.00,9,1),('2023-08-30',121.00,11,0),('2023-08-30',43.00,13,1),('2023-08-30',164.00,14,1),('2023-08-30',45.00,15,1),('2023-08-30',99.00,16,1),('2023-08-31',121.00,11,0),('2023-08-31',43.00,13,1),('2023-08-31',164.00,14,1),('2023-08-31',45.00,15,1),('2023-08-31',99.00,16,1),('2023-09-01',121.00,11,0),('2023-09-01',43.00,13,1),('2023-09-01',164.00,14,1),('2023-09-01',45.00,15,1),('2023-09-01',99.00,16,1),('2023-09-02',121.00,11,0),('2023-09-02',43.00,13,1),('2023-09-02',164.00,14,1),('2023-09-02',45.00,15,1),('2023-09-02',99.00,16,1),('2023-09-03',121.00,11,0),('2023-09-03',43.00,13,1),('2023-09-03',164.00,14,1),('2023-09-03',45.00,15,1),('2023-09-03',99.00,16,1),('2023-09-04',121.00,11,0),('2023-09-04',43.00,13,1),('2023-09-04',164.00,14,1),('2023-09-04',45.00,15,1),('2023-09-04',99.00,16,1),('2023-09-05',121.00,11,0),('2023-09-05',43.00,13,1),('2023-09-05',164.00,14,1),('2023-09-05',45.00,15,1),('2023-09-05',99.00,16,1),('2023-09-06',121.00,11,0),('2023-09-06',43.00,13,1),('2023-09-06',164.00,14,1),('2023-09-06',45.00,15,1),('2023-09-06',99.00,16,1),('2023-09-07',121.00,11,0),('2023-09-07',43.00,13,1),('2023-09-07',164.00,14,1),('2023-09-07',45.00,15,1),('2023-09-07',99.00,16,1),('2023-09-08',121.00,11,0),('2023-09-08',43.00,13,1),('2023-09-08',164.00,14,1),('2023-09-08',45.00,15,1),('2023-09-08',99.00,16,1),('2023-09-09',121.00,11,0),('2023-09-09',43.00,13,1),('2023-09-09',164.00,14,1),('2023-09-09',45.00,15,1),('2023-09-09',99.00,16,1),('2023-09-10',50.00,5,1),('2023-09-10',121.00,11,0),('2023-09-10',43.00,13,1),('2023-09-10',164.00,14,1),('2023-09-10',45.00,15,1),('2023-09-10',99.00,16,1),('2023-09-11',50.00,5,1),('2023-09-11',43.00,13,1),('2023-09-11',164.00,14,1),('2023-09-11',45.00,15,1),('2023-09-11',99.00,16,1),('2023-09-12',50.00,5,1),('2023-09-12',43.00,13,1),('2023-09-12',164.00,14,1),('2023-09-12',45.00,15,1),('2023-09-12',99.00,16,1),('2023-09-13',50.00,5,1),('2023-09-13',43.00,13,1),('2023-09-13',164.00,14,1),('2023-09-13',45.00,15,1),('2023-09-13',99.00,16,1),('2023-09-14',50.00,5,1),('2023-09-14',43.00,13,1),('2023-09-14',164.00,14,1),('2023-09-14',45.00,15,1),('2023-09-14',99.00,16,1),('2023-09-15',50.00,5,1),('2023-09-15',43.00,13,1),('2023-09-15',164.00,14,1),('2023-09-15',45.00,15,1),('2023-09-15',99.00,16,1),('2023-09-16',50.00,5,1),('2023-09-16',43.00,13,1),('2023-09-16',164.00,14,1),('2023-09-16',45.00,15,1),('2023-09-16',99.00,16,1),('2023-09-17',50.00,5,0),('2023-09-17',43.00,13,1),('2023-09-17',164.00,14,1),('2023-09-17',45.00,15,1),('2023-09-17',99.00,16,1),('2023-09-18',50.00,5,0),('2023-09-18',43.00,13,1),('2023-09-18',164.00,14,1),('2023-09-18',45.00,15,1),('2023-09-18',99.00,16,1),('2023-09-19',50.00,5,0),('2023-09-19',43.00,13,1),('2023-09-19',164.00,14,1),('2023-09-19',45.00,15,1),('2023-09-19',99.00,16,1),('2023-09-20',50.00,5,0),('2023-09-20',43.00,13,1),('2023-09-20',164.00,14,1),('2023-09-20',45.00,15,1),('2023-09-20',99.00,16,1),('2023-09-21',43.00,13,1),('2023-09-21',164.00,14,1),('2023-09-21',45.00,15,1),('2023-09-21',99.00,16,1),('2023-09-22',43.00,13,1),('2023-09-22',164.00,14,1),('2023-09-22',45.00,15,1),('2023-09-22',99.00,16,1),('2023-09-23',43.00,13,1),('2023-09-23',164.00,14,1),('2023-09-23',45.00,15,1),('2023-09-23',99.00,16,1),('2023-09-24',43.00,13,1),('2023-09-24',164.00,14,1),('2023-09-24',45.00,15,1),('2023-09-24',99.00,16,1),('2023-09-25',43.00,13,1),('2023-09-25',164.00,14,1),('2023-09-25',45.00,15,1),('2023-09-25',99.00,16,1),('2023-09-26',43.00,13,1),('2023-09-26',164.00,14,1),('2023-09-26',45.00,15,1),('2023-09-26',99.00,16,1),('2023-09-27',43.00,13,1),('2023-09-27',164.00,14,1),('2023-09-27',45.00,15,1),('2023-09-27',99.00,16,1),('2023-09-28',43.00,13,1),('2023-09-28',164.00,14,1),('2023-09-28',45.00,15,1),('2023-09-28',99.00,16,1),('2023-09-29',43.00,13,1),('2023-09-29',164.00,14,1),('2023-09-29',45.00,15,1),('2023-09-29',99.00,16,1),('2023-09-30',43.00,13,1),('2023-09-30',164.00,14,1),('2023-09-30',45.00,15,1),('2023-09-30',99.00,16,1),('2023-10-01',164.00,14,1),('2023-10-01',45.00,15,1),('2023-10-01',99.00,16,1),('2023-10-02',164.00,14,1),('2023-10-02',45.00,15,1),('2023-10-02',99.00,16,1),('2023-10-03',164.00,14,1),('2023-10-03',45.00,15,1),('2023-10-03',99.00,16,1),('2023-10-04',164.00,14,1),('2023-10-04',45.00,15,1),('2023-10-04',99.00,16,1),('2023-10-05',164.00,14,1),('2023-10-05',45.00,15,1),('2023-10-05',99.00,16,1),('2023-10-06',164.00,14,1),('2023-10-06',45.00,15,1),('2023-10-06',99.00,16,1),('2023-10-07',164.00,14,1),('2023-10-07',45.00,15,1),('2023-10-07',99.00,16,1),('2023-10-08',164.00,14,1),('2023-10-08',45.00,15,1),('2023-10-08',99.00,16,1),('2023-10-09',164.00,14,1),('2023-10-09',45.00,15,1),('2023-10-09',99.00,16,1),('2023-10-10',164.00,14,1),('2023-10-10',45.00,15,1),('2023-10-10',99.00,16,1),('2023-10-11',164.00,14,1),('2023-10-11',45.00,15,1),('2023-10-11',99.00,16,1),('2023-10-12',164.00,14,1),('2023-10-12',45.00,15,1),('2023-10-12',99.00,16,1),('2023-10-13',164.00,14,1),('2023-10-13',45.00,15,1),('2023-10-13',99.00,16,1),('2023-10-14',164.00,14,1),('2023-10-14',45.00,15,1),('2023-10-14',99.00,16,1),('2023-10-15',164.00,14,1),('2023-10-15',45.00,15,1),('2023-10-15',99.00,16,1),('2023-10-16',164.00,14,1),('2023-10-16',45.00,15,1),('2023-10-16',99.00,16,1),('2023-10-17',164.00,14,1),('2023-10-17',45.00,15,1),('2023-10-17',99.00,16,1),('2023-10-18',164.00,14,1),('2023-10-18',45.00,15,1),('2023-10-18',99.00,16,1),('2023-10-19',164.00,14,1),('2023-10-19',45.00,15,1),('2023-10-19',99.00,16,1),('2023-10-20',164.00,14,1),('2023-10-20',45.00,15,1),('2023-10-20',99.00,16,1),('2023-10-21',164.00,14,1),('2023-10-21',45.00,15,1),('2023-10-21',99.00,16,1),('2023-10-22',164.00,14,1),('2023-10-22',45.00,15,1),('2023-10-22',99.00,16,1),('2023-10-23',164.00,14,1),('2023-10-23',45.00,15,1),('2023-10-23',99.00,16,1),('2023-10-24',164.00,14,1),('2023-10-24',45.00,15,1),('2023-10-24',99.00,16,1),('2023-10-25',164.00,14,1),('2023-10-25',45.00,15,1),('2023-10-25',99.00,16,1),('2023-10-26',164.00,14,1),('2023-10-26',45.00,15,1),('2023-10-26',99.00,16,1),('2023-10-27',164.00,14,1),('2023-10-27',45.00,15,1),('2023-10-27',99.00,16,1),('2023-10-28',164.00,14,1),('2023-10-28',45.00,15,1),('2023-10-28',99.00,16,1),('2023-10-29',164.00,14,1),('2023-10-29',45.00,15,1),('2023-10-29',99.00,16,1),('2023-10-30',164.00,14,1),('2023-10-30',45.00,15,1),('2023-10-30',99.00,16,1),('2023-10-31',200.00,4,1),('2023-10-31',164.00,14,1),('2023-10-31',45.00,15,1),('2023-10-31',99.00,16,1),('2023-11-01',200.00,4,1),('2023-11-01',164.00,14,1),('2023-11-01',45.00,15,1),('2023-11-02',200.00,4,1),('2023-11-02',164.00,14,1),('2023-11-02',45.00,15,1),('2023-11-03',200.00,4,1),('2023-11-03',164.00,14,1),('2023-11-03',45.00,15,1),('2023-11-04',200.00,4,1),('2023-11-04',164.00,14,1),('2023-11-04',45.00,15,1),('2023-11-05',200.00,4,1),('2023-11-05',164.00,14,1),('2023-11-05',45.00,15,1),('2023-11-06',200.00,4,1),('2023-11-06',164.00,14,1),('2023-11-06',45.00,15,1),('2023-11-07',200.00,4,1),('2023-11-07',164.00,14,1),('2023-11-07',45.00,15,1),('2023-11-08',200.00,4,1),('2023-11-08',164.00,14,1),('2023-11-08',45.00,15,1),('2023-11-09',200.00,4,1),('2023-11-09',164.00,14,1),('2023-11-09',45.00,15,1),('2023-11-10',164.00,14,1),('2023-11-10',45.00,15,1),('2023-11-11',164.00,14,1),('2023-11-11',45.00,15,1),('2023-11-12',164.00,14,1),('2023-11-12',45.00,15,1),('2023-11-13',164.00,14,1),('2023-11-13',45.00,15,1),('2023-11-14',164.00,14,1),('2023-11-14',45.00,15,1),('2023-11-15',164.00,14,1),('2023-11-15',45.00,15,1),('2023-11-16',164.00,14,1),('2023-11-16',45.00,15,1),('2023-11-17',164.00,14,1),('2023-11-17',45.00,15,1),('2023-11-18',164.00,14,1),('2023-11-18',45.00,15,1),('2023-11-19',164.00,14,1),('2023-11-19',45.00,15,1),('2023-11-20',164.00,14,1),('2023-11-20',45.00,15,1),('2023-11-21',80.00,3,1),('2023-11-21',164.00,14,1),('2023-11-21',45.00,15,1),('2023-11-22',80.00,3,1),('2023-11-22',164.00,14,1),('2023-11-22',45.00,15,1),('2023-11-23',80.00,3,1),('2023-11-23',164.00,14,1),('2023-11-23',45.00,15,1),('2023-11-24',80.00,3,1),('2023-11-24',164.00,14,1),('2023-11-24',45.00,15,1),('2023-11-25',80.00,3,1),('2023-11-25',164.00,14,1),('2023-11-25',45.00,15,1),('2023-11-26',80.00,3,1),('2023-11-26',164.00,14,1),('2023-11-26',45.00,15,1),('2023-11-27',80.00,3,1),('2023-11-27',164.00,14,1),('2023-11-27',45.00,15,1),('2023-11-28',80.00,3,1),('2023-11-28',164.00,14,1),('2023-11-28',45.00,15,1),('2023-11-29',80.00,3,1),('2023-11-29',164.00,14,1),('2023-11-29',45.00,15,1),('2023-11-30',80.00,3,1),('2023-11-30',164.00,14,1),('2023-11-30',45.00,15,1),('2023-12-01',230.00,10,1),('2023-12-01',164.00,14,1),('2023-12-02',230.00,10,1),('2023-12-02',164.00,14,1),('2023-12-03',230.00,10,1),('2023-12-03',164.00,14,1),('2023-12-04',230.00,10,1),('2023-12-04',164.00,14,1),('2023-12-05',230.00,10,1),('2023-12-05',164.00,14,1),('2023-12-06',230.00,10,1),('2023-12-06',164.00,14,1),('2023-12-07',230.00,10,1),('2023-12-07',164.00,14,1),('2023-12-08',230.00,10,1),('2023-12-08',164.00,14,1),('2023-12-09',230.00,10,1),('2023-12-09',164.00,14,1),('2023-12-10',230.00,10,1),('2023-12-10',164.00,14,1),('2023-12-11',230.00,10,1),('2023-12-11',164.00,14,1),('2023-12-12',230.00,10,1),('2023-12-12',164.00,14,1),('2023-12-13',230.00,10,1),('2023-12-13',164.00,14,1),('2023-12-14',230.00,10,1),('2023-12-14',164.00,14,1),('2023-12-15',230.00,10,0),('2023-12-15',164.00,14,1),('2023-12-16',230.00,10,0),('2023-12-16',164.00,14,1),('2023-12-17',150.00,2,1),('2023-12-17',230.00,10,0),('2023-12-17',164.00,14,1),('2023-12-18',150.00,2,1),('2023-12-18',230.00,10,0),('2023-12-18',164.00,14,1),('2023-12-19',150.00,2,0),('2023-12-19',230.00,10,0),('2023-12-19',164.00,14,1),('2023-12-20',150.00,2,1),('2023-12-20',230.00,10,0),('2023-12-20',164.00,14,1),('2023-12-21',230.00,10,0),('2023-12-21',164.00,14,1),('2023-12-22',230.00,10,0),('2023-12-22',164.00,14,1),('2023-12-23',230.00,10,1),('2023-12-23',164.00,14,1),('2023-12-24',230.00,10,1),('2023-12-24',164.00,14,1),('2023-12-25',230.00,10,1),('2023-12-25',164.00,14,1),('2023-12-26',230.00,10,1),('2023-12-26',164.00,14,1),('2023-12-27',230.00,10,1),('2023-12-27',164.00,14,1),('2023-12-28',230.00,10,1),('2023-12-28',164.00,14,1),('2023-12-29',230.00,10,1),('2023-12-29',164.00,14,1),('2023-12-30',230.00,10,1),('2023-12-30',164.00,14,1),('2023-12-31',230.00,10,1),('2023-12-31',164.00,14,1),('2024-01-01',35.00,8,0),('2024-01-01',230.00,10,1),('2024-01-02',35.00,8,0),('2024-01-02',230.00,10,1),('2024-01-03',35.00,8,0),('2024-01-03',230.00,10,1),('2024-01-04',35.00,8,0),('2024-01-04',230.00,10,1),('2024-01-05',35.00,8,0),('2024-01-05',230.00,10,1),('2024-01-06',35.00,8,0),('2024-01-06',230.00,10,1),('2024-01-07',35.00,8,0),('2024-01-07',230.00,10,1),('2024-01-08',35.00,8,0),('2024-01-08',230.00,10,1),('2024-01-09',35.00,8,0),('2024-01-09',230.00,10,1),('2024-01-10',35.00,8,0),('2024-01-10',230.00,10,1),('2024-01-11',35.00,8,1),('2024-01-12',35.00,8,1),('2024-01-13',35.00,8,1),('2024-01-14',35.00,8,1),('2024-01-15',35.00,8,1),('2024-01-16',35.00,8,1),('2024-01-17',35.00,8,1),('2024-01-18',35.00,8,1),('2024-01-19',35.00,8,1),('2024-01-20',35.00,8,1),('2024-01-21',35.00,8,1),('2024-01-22',35.00,8,1),('2024-01-23',35.00,8,1),('2024-01-24',35.00,8,1),('2024-01-25',35.00,8,1),('2024-01-26',35.00,8,1),('2024-01-27',35.00,8,1),('2024-01-28',35.00,8,1),('2024-01-29',35.00,8,1),('2024-01-30',35.00,8,1),('2024-01-31',35.00,8,1),('2024-02-10',50.00,6,1),('2024-02-11',50.00,6,1),('2024-02-12',50.00,6,1),('2024-02-13',50.00,6,1),('2024-02-14',50.00,6,1),('2024-02-15',50.00,6,1),('2024-02-16',50.00,6,1),('2024-02-17',50.00,6,1),('2024-02-18',50.00,6,1),('2024-02-19',50.00,6,1),('2024-02-20',70.00,6,1),('2024-02-21',70.00,6,1),('2024-02-22',70.00,6,1),('2024-02-23',70.00,6,1),('2024-02-24',70.00,6,1),('2024-02-25',70.00,6,1),('2024-02-26',70.00,6,1),('2024-02-27',70.00,6,1),('2024-02-28',70.00,6,1),('2024-02-29',70.00,6,1),('2024-03-01',70.00,6,1),('2024-03-02',70.00,6,1),('2024-03-03',70.00,6,1),('2024-03-04',70.00,6,1),('2024-03-05',70.00,6,1),('2024-08-11',150.00,1,1),('2024-08-12',150.00,1,1),('2024-08-13',150.00,1,1),('2024-08-14',150.00,1,1),('2024-08-15',150.00,1,1),('2024-08-16',150.00,1,1);


-- DELIMITER //

-- CREATE PROCEDURE InsertAvailabilityInRange(
--     IN startDate DATE,
--     IN endDate DATE,
--     IN price DECIMAL(20, 2),
--     IN listingId INT
-- )
-- BEGIN
--     WHILE startDate <= endDate DO
--         INSERT INTO Availability (dateAvailable, price, listingId)
--         VALUES (startDate, price, listingId);
        
--         SET startDate = DATE_ADD(startDate, INTERVAL 1 DAY);
--     END WHILE;
-- END;
-- //

-- DELIMITER ;


-- CALL InsertAvailabilityInRange('2024-02-20', '2024-03-05', 70.00, 6);



INSERT INTO `bookedby` VALUES (1,1,646456643,'2023-08-01','2023-08-05',0,NULL),(2,2,563533452,'2023-12-19','2023-12-19',0,NULL),(3,5,563533452,'2023-09-17','2023-09-20',0,NULL),(4,7,242355436,'2023-04-23','2023-04-28',0,NULL),(5,8,242355436,'2024-01-01','2024-01-10',0,NULL),(6,7,254345255,'2023-05-01','2023-05-05',0,NULL),(7,10,254345255,'2023-12-15','2023-12-22',0,NULL),(8,12,111111222,'2023-06-03','2023-06-06',0,NULL),(9,12,111111222,'2023-06-22','2023-06-25',0,NULL),(10,11,111111222,'2023-08-29','2023-09-10',0,NULL);






INSERT INTO `amenities` VALUES ('Barbecue utensils',1.00),('Bed linens',5.50),('Bed sheets',1.50),('Body soap',3.00),('Carbon monoxide alarm',0.50),('Cleaning products',3.50),('Coffee maker',1.00),('Conditioner',4.00),('Cooking basics',2.00),('Dining table',6.00),('Dishes and silverware',2.00),('Extra pillows and blankets',4.00),('Fast wifi',4.00),('Fire extinguisher',1.00),('Free parking on premises',5.00),('Free street parking',3.00),('Freezer',3.00),('Hair dryer',5.00),('Hangers',2.50),('Hot water kettle',1.00),('Iron',3.50),('Microwave',3.00),('Oven',4.00),('Private entrance',5.00),('Refrigerator',4.00),('Room-darkening shades',2.50),('Shampoo',4.00),('Shower gel',4.50),('Smoke alarm',1.00),('Toaster',2.00),('Toilet paper',2.50),('Towels',2.50),('Wine glasses',1.00);


INSERT INTO `listingtoamenities` VALUES (1,'Bed linens'),(1,'Body soap'),(1,'Cleaning products'),(1,'Conditioner'),(1,'Hair dryer'),(1,'Hangers'),(1,'Shampoo'),(1,'Shower gel'),(2,'Fast wifi'),(2,'Hair dryer'),(2,'Shampoo'),(3,'Body soap'),(3,'Cleaning products'),(3,'Conditioner'),(3,'Hair dryer'),(3,'Shampoo'),(4,'Body soap'),(4,'Cleaning products'),(4,'Conditioner'),(4,'Hair dryer'),(4,'Shampoo'),(4,'Shower gel'),(5,'Body soap'),(5,'Cleaning products'),(5,'Conditioner'),(5,'Hair dryer'),(5,'Hangers'),(5,'Shampoo'),(5,'Shower gel'),(6,'Body soap'),(6,'Conditioner'),(6,'Fast wifi'),(6,'Hair dryer'),(6,'Iron'),(6,'Microwave'),(6,'Oven'),(6,'Toaster'),(7,'Bed sheets'),(7,'Body soap'),(7,'Dining table'),(7,'Fast wifi'),(7,'Oven'),(7,'Smoke alarm'),(7,'Toaster'),(8,'Fast wifi'),(8,'Hair dryer'),(8,'Hangers'),(8,'Shampoo'),(8,'Shower gel'),(8,'Smoke alarm'),(8,'Toilet paper'),(8,'Towels'),(9,'Coffee maker'),(9,'Conditioner'),(9,'Hair dryer'),(9,'Hot water kettle'),(9,'Microwave'),(9,'Refrigerator'),(9,'Shampoo'),(9,'Toilet paper'),(10,'Barbecue utensils'),(10,'Fire extinguisher'),(10,'Free street parking'),(10,'Freezer'),(10,'Iron'),(10,'Refrigerator'),(10,'Shampoo'),(11,'Bed sheets'),(11,'Body soap'),(11,'Coffee maker'),(11,'Fast wifi'),(11,'Free parking on premises'),(11,'Free street parking'),(11,'Hair dryer'),(11,'Private entrance'),(12,'Bed linens'),(12,'Bed sheets'),(12,'Cleaning products'),(12,'Coffee maker'),(12,'Conditioner'),(12,'Fire extinguisher'),(12,'Free street parking'),(12,'Freezer'),(12,'Room-darkening shades'),(12,'Smoke alarm'),(13,'Bed linens'),(13,'Carbon monoxide alarm'),(13,'Coffee maker'),(13,'Conditioner'),(13,'Fire extinguisher'),(13,'Free street parking'),(13,'Freezer'),(13,'Oven'),(13,'Shower gel'),(13,'Toilet paper'),(13,'Towels'),(14,'Body soap'),(14,'Coffee maker'),(14,'Conditioner'),(14,'Fast wifi'),(14,'Hangers'),(14,'Microwave'),(14,'Shampoo'),(14,'Toilet paper'),(15,'Free parking on premises'),(15,'Hair dryer'),(15,'Shower gel'),(15,'Toilet paper'),(15,'Towels'),(16,'Conditioner'),(16,'Hangers'),(16,'Microwave'),(16,'Smoke alarm'),(16,'Toilet paper'),(16,'Towels');





